id,id_osakidetza,id_ci,name,last_names
1,TXPR001,CI0001,Juan,Pérez Moreno
2,TXPR002,CI0002,María,García López
3,TXPR003,CI0003,Pedro,Martínez Ruiz
4,TXPR004,CI0004,Ana,López Fernández
5,TXPR005,CI0005,Carlos,Rodríguez Sánchez
6,TXPR006,CI0006,Laura,Fernández Morales
7,TXPR007,CI0007,Javier,Sánchez Torres
8,TXPR008,CI0008,Isabel,Torres Ramírez
9,TXPR009,CI0009,Miguel,Ramírez Castro
10,TXPR010,CI0010,Carmen,Castro Ortega
